{"stats":{"minecraft:killed_by":{"the_impersonator:the_impersonator":1,"minecraft:creeper":1},"minecraft:custom":{"minecraft:time_since_rest":429,"minecraft:deaths":2,"minecraft:sprint_one_cm":34086,"minecraft:play_time":14865,"minecraft:damage_taken":495,"minecraft:walk_one_cm":13398,"minecraft:drop":1,"minecraft:jump":172,"minecraft:damage_dealt":100,"minecraft:leave_game":2,"minecraft:time_since_death":401,"minecraft:total_world_time":14865,"minecraft:fall_one_cm":12212,"minecraft:fly_one_cm":26022},"minecraft:picked_up":{"minecraft:wheat_seeds":1,"minecraft:oak_log":1,"minecraft:dirt":11,"minecraft:cobblestone":2},"minecraft:mined":{"minecraft:grass":1,"minecraft:oak_log":1,"minecraft:oak_leaves":7},"minecraft:dropped":{"minecraft:wheat_seeds":1},"minecraft:used":{"minecraft:dirt":11,"minecraft:cobblestone":2,"minecraft:oak_planks":4},"minecraft:crafted":{"minecraft:oak_planks":4}},"DataVersion":3120}