{"stats":{"minecraft:killed_by":{"the_impersonator:the_impersonator":1},"minecraft:custom":{"minecraft:jump":127,"minecraft:time_since_rest":1539,"minecraft:leave_game":1,"minecraft:damage_dealt":100,"minecraft:deaths":1,"minecraft:sprint_one_cm":27973,"minecraft:play_time":13220,"minecraft:damage_taken":265,"minecraft:time_since_death":1497,"minecraft:walk_one_cm":10123,"minecraft:total_world_time":13220,"minecraft:drop":1,"minecraft:fall_one_cm":6000,"minecraft:fly_one_cm":21745},"minecraft:picked_up":{"minecraft:wheat_seeds":1},"minecraft:mined":{"minecraft:grass":1,"minecraft:oak_leaves":1},"minecraft:dropped":{"minecraft:wheat_seeds":1}},"DataVersion":3120}