{"stats":{"minecraft:picked_up":{"minecraft:iron_chestplate":1,"minecraft:crafting_table":4,"minecraft:coarse_dirt":2,"minecraft:stone_brick_wall":4,"minecraft:stone_brick_stairs":2,"minecraft:string":7,"epicsamurai:jade":16,"minecraft:blackstone":12,"minecraft:cracked_stone_bricks":2,"minecraft:gold_nugget":70,"minecraft:spruce_planks":2,"minecraft:beef":24,"minecraft:oak_boat":2,"minecraft:calcite":1,"minecraft:spruce_slab":1,"minecraft:chest":2,"minecraft:iron_boots":1,"minecraft:egg":1,"minecraft:raw_iron":3,"iceandfire:dragonbone":8,"iceandfire:dragonscales_gray":9,"minecraft:torch":2,"minecraft:spruce_stairs":1,"iceandfire:silver_ore":1,"minecraft:porkchop":14,"minecraft:white_dye":1,"minecraft:diorite":1,"minecraft:andesite_wall":1,"minecraft:weeping_vines":1,"minecraft:rotten_flesh":6,"minecraft:hay_block":38,"iceandfire:fire_dragon_heart":1,"minecraft:cod":1,"minecraft:mutton":1,"minecraft:obsidian":2,"minecraft:white_wool":1,"minecraft:cobblestone":23,"minecraft:nautilus_shell":1,"minecraft:lilac":1,"minecraft:cooked_beef":1,"minecraft:crimson_stem":4,"minecraft:leather":21,"minecraft:oak_log":25,"minecraft:yellow_bed":1,"minecraft:nether_wart_block":3,"minecraft:dirt":15,"minecraft:lantern":1,"minecraft:cooked_mutton":2,"minecraft:stone_bricks":10,"minecraft:wheat_seeds":10,"epicsamurai:katana_handle":1,"minecraft:moss_block":9,"iceandfire:fire_dragon_flesh":5,"minecraft:iron_sword":3,"minecraft:soul_sand":3,"minecraft:scaffolding":6,"minecraft:gravel":19,"iceandfire:dragon_skull_fire":1,"minecraft:stripped_spruce_log":2,"minecraft:red_banner":1,"minecraft:lily_of_the_valley":1,"minecraft:spruce_door":4,"minecraft:spruce_sign":4,"minecraft:bread":12,"minecraft:oak_sapling":1,"minecraft:netherrack":39,"minecraft:crimson_roots":7,"minecraft:sunflower":1},"minecraft:used":{"minecraft:moss_block":3,"minecraft:flint_and_steel":1,"minecraft:spruce_slab":1,"minecraft:shield":9,"minecraft:iron_sword":284,"minecraft:netherrack":39,"minecraft:torch":1,"minecraft:mutton":1,"minecraft:dirt":11,"minecraft:soul_sand":3,"minecraft:spruce_stairs":1,"minecraft:stripped_spruce_log":1,"minecraft:obsidian":12,"minecraft:wooden_axe":22,"minecraft:iron_axe":11,"minecraft:stone_brick_stairs":2,"minecraft:stone_bricks":10,"minecraft:egg":1,"minecraft:cooked_beef":3,"minecraft:calcite":1,"minecraft:cooked_mutton":2,"minecraft:diorite":1,"minecraft:spruce_door":4,"minecraft:stone_pickaxe":4,"minecraft:wooden_pickaxe":62,"minecraft:spruce_sign":4,"minecraft:cracked_stone_bricks":2,"minecraft:crafting_table":7,"minecraft:crossbow":2,"minecraft:stone_brick_wall":3,"minecraft:oak_log":1,"minecraft:diamond_pickaxe":1,"minecraft:bread":25,"minecraft:iron_pickaxe":44,"minecraft:gravel":17,"minecraft:lilac":1,"minecraft:stone_axe":56,"minecraft:nether_wart_block":2,"minecraft:cobblestone":6,"minecraft:porkchop":2,"minecraft:bucket":1,"minecraft:yellow_bed":1,"minecraft:oak_boat":2,"minecraft:experience_bottle":1},"minecraft:custom":{"minecraft:mob_kills":53,"minecraft:interact_with_crafting_table":25,"minecraft:open_barrel":6,"minecraft:leave_game":3,"minecraft:time_since_death":17947,"minecraft:climb_one_cm":1699,"minecraft:sprint_one_cm":278792,"minecraft:walk_one_cm":296074,"minecraft:damage_blocked_by_shield":500,"minecraft:drop":111,"minecraft:talked_to_villager":3,"minecraft:play_time":103182,"minecraft:deaths":9,"minecraft:sneak_time":384,"minecraft:walk_under_water_one_cm":2584,"minecraft:boat_one_cm":140381,"minecraft:jump":1945,"minecraft:walk_on_water_one_cm":1981,"minecraft:total_world_time":103182,"minecraft:sleep_in_bed":3,"minecraft:time_since_rest":17975,"minecraft:damage_taken":103881,"minecraft:trigger_trapped_chest":1,"minecraft:damage_dealt":12015,"minecraft:player_kills":3,"minecraft:fly_one_cm":375727,"minecraft:open_chest":94,"minecraft:crouch_one_cm":1085,"minecraft:interact_with_smoker":1,"minecraft:fall_one_cm":66037},"minecraft:killed":{"iceandfire:fire_dragon":1,"minecraft:pig":2,"epicsamurai:akaname":21,"minecraft:hoglin":1,"minecraft:zombie":6,"iceandfire:ghost":3,"minecraft:villager":1,"minecraft:cow":14},"minecraft:mined":{"iceandfire:silver_ore":1,"minecraft:obsidian":1,"minecraft:grass_block":7,"minecraft:stone_brick_wall":1,"minecraft:crimson_roots":7,"minecraft:moss_block":6,"minecraft:crimson_stem":4,"minecraft:hay_block":41,"minecraft:weeping_vines_plant":3,"minecraft:fire":30,"minecraft:iron_ore":3,"minecraft:stone":11,"minecraft:crimson_nylium":10,"minecraft:soul_fire":1,"minecraft:crafting_table":4,"minecraft:calcite":3,"minecraft:chest":2,"minecraft:tall_grass":24,"minecraft:cobblestone":12,"minecraft:diorite":1,"minecraft:wall_torch":1,"minecraft:spruce_stairs":1,"minecraft:coarse_dirt":2,"minecraft:nether_wart_block":3,"minecraft:lilac":1,"minecraft:birch_leaves":3,"minecraft:grass":19,"minecraft:oak_log":24,"minecraft:sunflower":2,"minecraft:gravel":3,"minecraft:dirt":8,"minecraft:netherrack":30,"minecraft:oak_leaves":11},"minecraft:dropped":{"epicsamurai:katana_handle":1,"minecraft:bread":44,"minecraft:iron_sword":4,"minecraft:stripped_spruce_log":1,"minecraft:moss_block":6,"minecraft:wheat_seeds":7,"minecraft:weeping_vines":1,"minecraft:iron_helmet":1,"minecraft:andesite_wall":1,"iceandfire:fire_dragon_flesh":1,"minecraft:lantern":1,"minecraft:leather":13,"minecraft:cod":1,"minecraft:stick":5,"minecraft:torch":1,"minecraft:crimson_roots":7,"minecraft:nether_wart_block":1,"minecraft:iron_leggings":1,"minecraft:sunflower":1,"minecraft:iron_pickaxe":1,"minecraft:string":7,"minecraft:gold_ingot":6,"minecraft:gravel":2,"minecraft:blackstone":12,"epicsamurai:green_samurai_boots":1,"minecraft:coarse_dirt":2,"minecraft:wheat":1,"minecraft:obsidian":1,"minecraft:red_banner":1,"minecraft:rotten_flesh":6,"minecraft:iron_boots":3,"iceandfire:silver_ore":1,"minecraft:lily_of_the_valley":1,"minecraft:potato":7,"minecraft:spruce_planks":1,"minecraft:iron_chestplate":2,"minecraft:stone_brick_wall":1,"minecraft:oak_sapling":1,"minecraft:white_dye":1,"minecraft:nautilus_shell":1,"minecraft:scaffolding":6},"minecraft:crafted":{"minecraft:oak_planks":92,"minecraft:flint_and_steel":1,"minecraft:iron_axe":1,"minecraft:stone_pickaxe":3,"minecraft:golden_boots":1,"minecraft:wheat":351,"epicsamurai:katana_handle":1,"minecraft:crimson_planks":16,"minecraft:crafting_table":5,"minecraft:wooden_pickaxe":3,"epicsamurai:green_samurai_boots":3,"minecraft:bucket":1,"minecraft:stone_axe":2,"minecraft:bread":121,"iceandfire:armor_gray_chestplate":1,"minecraft:oak_boat":1,"minecraft:diamond_pickaxe":1,"minecraft:shield":1,"minecraft:stick":40,"minecraft:iron_pickaxe":2,"minecraft:wooden_axe":1,"minecraft:gold_ingot":7},"minecraft:killed_by":{"bwrtherain:valem":1,"minecraft:iron_golem":1,"mimicer:mimicer":1,"man:managgresive":1,"apollyon:the_damned":2,"minecraft:hoglin":1,"iceandfire:fire_dragon":2},"minecraft:broken":{"minecraft:wooden_pickaxe":1}},"DataVersion":3120}