{"stats":{"minecraft:picked_up":{"epicsamurai:green_samurai_boots":1,"minecraft:iron_leggings":1,"minecraft:iron_helmet":1,"minecraft:iron_pickaxe":1,"minecraft:iron_sword":1,"minecraft:red_bed":1,"minecraft:iron_boots":1},"minecraft:used":{"minecraft:red_bed":1,"minecraft:iron_helmet":1,"minecraft:iron_boots":1,"minecraft:iron_leggings":1},"minecraft:custom":{"minecraft:time_since_rest":829,"minecraft:open_chest":6,"minecraft:crouch_one_cm":24,"minecraft:play_time":9418,"minecraft:sprint_one_cm":16890,"minecraft:deaths":1,"minecraft:damage_taken":239,"minecraft:walk_one_cm":66620,"minecraft:sneak_time":158,"minecraft:jump":182,"minecraft:damage_dealt":15,"minecraft:leave_game":1,"minecraft:time_since_death":753,"minecraft:walk_on_water_one_cm":478,"minecraft:sleep_in_bed":1,"minecraft:total_world_time":9418,"minecraft:climb_one_cm":1995,"minecraft:fly_one_cm":39437,"minecraft:fall_one_cm":6954},"minecraft:mined":{"minecraft:red_bed":1}},"DataVersion":3120}