{"stats":{"minecraft:picked_up":{"minecraft:nautilus_shell":2,"minecraft:iron_chestplate":1,"minecraft:white_dye":2,"minecraft:dried_kelp":1,"minecraft:dirt":26,"minecraft:red_bed":6,"minecraft:iron_leggings":1,"minecraft:wheat_seeds":1,"minecraft:bone_meal":1,"minecraft:spruce_sign":1,"minecraft:iron_sword":1,"minecraft:cod":2,"minecraft:iron_boots":1,"minecraft:egg":1},"minecraft:used":{"minecraft:iron_boots":1,"minecraft:spruce_sign":1,"minecraft:iron_chestplate":1,"minecraft:red_bed":5,"minecraft:oak_sapling":2,"minecraft:cod":2,"minecraft:egg":1,"minecraft:potato":7,"minecraft:iron_leggings":1},"minecraft:custom":{"minecraft:time_since_rest":367,"minecraft:sprint_one_cm":129620,"minecraft:damage_taken":1603,"minecraft:walk_one_cm":83744,"minecraft:trigger_trapped_chest":2,"minecraft:mob_kills":1,"minecraft:drop":3,"minecraft:damage_dealt":268,"minecraft:swim_one_cm":1482,"minecraft:fly_one_cm":79701,"minecraft:open_chest":7,"minecraft:crouch_one_cm":341,"minecraft:play_time":38372,"minecraft:deaths":6,"minecraft:sneak_time":79,"minecraft:walk_under_water_one_cm":2450,"minecraft:jump":386,"minecraft:leave_game":2,"minecraft:time_since_death":5677,"minecraft:walk_on_water_one_cm":367,"minecraft:sleep_in_bed":9,"minecraft:total_world_time":38372,"minecraft:climb_one_cm":440,"minecraft:fall_one_cm":13091},"minecraft:mined":{"minecraft:red_bed":1,"minecraft:birch_leaves":1,"minecraft:yellow_bed":1,"minecraft:grass":10,"minecraft:dirt":1,"minecraft:tall_grass":6,"minecraft:oak_leaves":5},"minecraft:dropped":{"minecraft:iron_sword":1,"minecraft:wheat_seeds":1,"minecraft:iron_leggings":1},"minecraft:killed_by":{"the_impersonator:the_impersonator":1,"iceandfire:ghost":1,"minecraft:player":3,"minecraft:skeleton":1}},"DataVersion":3120}