{"stats":{"minecraft:killed_by":{"minecraft:spider":1},"minecraft:custom":{"minecraft:time_since_rest":7789,"minecraft:sprint_one_cm":59207,"minecraft:damage_taken":295,"minecraft:walk_one_cm":22651,"minecraft:mob_kills":11,"minecraft:drop":1,"minecraft:damage_dealt":1036,"minecraft:swim_one_cm":25318,"minecraft:interact_with_crafting_table":4,"minecraft:fly_one_cm":104819,"minecraft:play_time":12194,"minecraft:deaths":1,"minecraft:walk_under_water_one_cm":2734,"minecraft:jump":410,"minecraft:walk_on_water_one_cm":1996,"minecraft:time_since_death":7761,"minecraft:total_world_time":12194,"minecraft:fall_one_cm":12100},"minecraft:killed":{"minecraft:sheep":6,"minecraft:pig":3,"minecraft:cow":2},"minecraft:picked_up":{"minecraft:leather":3,"minecraft:acacia_log":10,"minecraft:porkchop":7,"minecraft:wheat_seeds":1,"minecraft:beef":4,"minecraft:mutton":9,"minecraft:acacia_sapling":1,"minecraft:white_wool":6,"minecraft:cobblestone":6},"minecraft:mined":{"minecraft:acacia_leaves":8,"minecraft:grass":16,"minecraft:acacia_log":10,"minecraft:tall_grass":4,"minecraft:stone":6},"minecraft:dropped":{"minecraft:wheat_seeds":1},"minecraft:used":{"minecraft:wooden_axe":16,"minecraft:wooden_pickaxe":6,"minecraft:stone_axe":20,"minecraft:beef":3,"minecraft:crafting_table":2,"minecraft:acacia_sapling":1},"minecraft:crafted":{"minecraft:crafting_table":2,"minecraft:stick":12,"minecraft:wooden_pickaxe":1,"minecraft:stone_pickaxe":1,"minecraft:wooden_axe":1,"minecraft:acacia_planks":20,"minecraft:stone_axe":1}},"DataVersion":3120}