{
  "dungeons_arise:wda_root": {
    "criteria": {
      "WDA": "2024-05-28 03:37:18 +0000"
    },
    "done": true
  },
  "iceandfire:iceandfire/root": {
    "criteria": {
      "tick": "2024-05-28 03:37:18 +0000"
    },
    "done": true
  },
  "apollyon:apollyon": {
    "criteria": {
      "apollyon": "2024-05-28 03:37:19 +0000"
    },
    "done": true
  },
  "minecraft:adventure/root": {
    "criteria": {
      "killed_by_something": "2024-05-28 03:47:02 +0000"
    },
    "done": true
  },
  "minecraft:adventure/adventuring_time": {
    "criteria": {
      "minecraft:stony_shore": "2024-05-28 03:45:05 +0000",
      "minecraft:forest": "2024-05-28 03:37:20 +0000",
      "minecraft:old_growth_birch_forest": "2024-05-28 03:40:31 +0000"
    },
    "done": false
  },
  "DataVersion": 3120
}